{"camera_corners": [[102, 105], [1193, 105], [1189, 656], [101, 643]], "camera_center": [635, 383], "camera_center_relative": [0.4956740140914917, 0.48998865485191345]}