{"camera_corners": [[110, 86], [1203, 83], [1212, 642], [101, 629]], "camera_center": [643, 362], "camera_center_relative": [0.4949723780155182, 0.4921744465827942]}